{"cameraMode":{"drawMode":0,"name":"Shaded","section":"Shading Mode"},"sceneLighting":false,"audioPlay":false,"sceneViewState":{"m_AlwaysRefresh":false,"showFog":true,"showSkybox":false,"showFlares":true,"showImageEffects":true,"showParticleSystems":true,"showVisualEffectGraphs":true,"m_FxEnabled":true},"in2DMode":false,"pivot":{"x":2.270000696182251,"y":1.0999999046325684,"z":3.7200000286102297},"rotation":{"x":0.5243475437164307,"y":0.04720659181475639,"z":-0.029131287708878518,"w":0.8496964573860169},"size":1.2247449159622193,"orthographic":false}